Nội dung,Thời gian
"Chất lượng cũng bình thường, shipper gọi điện đàng hoàng không khen cũng không chê.",07/04/2026
"Sản phẩm cũng được không đến nỗi, shipper gọi điện đàng hoàng nói chung là tạm.",09/05/2026
"Giày tạm ổn, hộp hơi bụi tí nhưng không sao để xài thử một thời gian xem sao.",14/05/2026
"Sản phẩm giống như mô tả thôi, hộp hơi bụi tí nhưng không sao không khen cũng không chê.",29/04/2026
"Cái này cũng được không đến nỗi, vận chuyển bình thường để xài thử một thời gian xem sao.",27/04/2026
"Món này chất lượng tương xứng với giá tiền, hộp hơi bụi tí nhưng không sao nói chung là tạm.",18/04/2026
"Áo này giống như mô tả thôi, giao hàng đúng hẹn không khen cũng không chê.",16/05/2026
"Sản phẩm không có gì đặc sắc, shipper gọi điện đàng hoàng cho shop 3 sao nhé.",26/04/2026
"Chất lượng không có gì đặc sắc, vận chuyển bình thường nói chung là tạm.",20/05/2026
"Đồ shop giao cũng được không đến nỗi, nhận hàng sau 3 ngày không khen cũng không chê.",08/04/2026
"Cái này giống như mô tả thôi, nhận hàng sau 3 ngày nói chung là tạm.",24/04/2026
"Giày chất lượng tương xứng với giá tiền, hộp hơi bụi tí nhưng không sao nói chung là tạm.",23/04/2026
"Món này cũng bình thường, nhận hàng sau 3 ngày cho shop 3 sao nhé.",29/05/2026
"Cái này tạm ổn, đóng gói cơ bản mua chữa cháy thì được.",27/04/2026
"Món này tạm ổn, nhận hàng sau 3 ngày mua chữa cháy thì được.",15/05/2026
"Cái này dùng tạm được, nhận hàng sau 3 ngày để xài thử một thời gian xem sao.",14/04/2026
"Món này cũng được không đến nỗi, nhận hàng sau 3 ngày cho shop 3 sao nhé.",08/04/2026
"Cái này chất lượng tương xứng với giá tiền, đóng gói cơ bản cho shop 3 sao nhé.",27/04/2026
"Hàng không có gì đặc sắc, vận chuyển bình thường mua chữa cháy thì được.",30/05/2026
"Món này không có gì đặc sắc, nhận hàng sau 3 ngày nói chung là tạm.",15/05/2026
"Hàng giống như mô tả thôi, shipper gọi điện đàng hoàng không khen cũng không chê.",26/04/2026
"Hàng dùng tạm được, vận chuyển bình thường cho shop 3 sao nhé.",08/05/2026
"Đồ shop giao chất lượng tương xứng với giá tiền, giao hàng đúng hẹn không khen cũng không chê.",18/04/2026
"Sản phẩm dùng tạm được, nhận hàng sau 3 ngày mua chữa cháy thì được.",23/05/2026
"Đồ shop giao tạm ổn, giao hàng đúng hẹn mua chữa cháy thì được.",24/04/2026
"Giày cũng được không đến nỗi, giao hàng đúng hẹn mua chữa cháy thì được.",10/04/2026
"Cái này cũng bình thường, đóng gói cơ bản tiền nào của nấy.",07/04/2026
"Chất lượng tạm ổn, nhận hàng sau 3 ngày không khen cũng không chê.",15/04/2026
"Áo này tạm ổn, vận chuyển bình thường không khen cũng không chê.",11/04/2026
"Cái này tạm ổn, shipper gọi điện đàng hoàng cho shop 3 sao nhé.",04/05/2026
"Áo này cũng được không đến nỗi, shipper gọi điện đàng hoàng tiền nào của nấy.",16/04/2026
"Hàng không có gì đặc sắc, đóng gói cơ bản cho shop 3 sao nhé.",04/05/2026
"Đồ shop giao chất lượng tương xứng với giá tiền, shipper gọi điện đàng hoàng không khen cũng không chê.",17/04/2026
"Món này cũng bình thường, shipper gọi điện đàng hoàng để xài thử một thời gian xem sao.",07/04/2026
"Hàng giống như mô tả thôi, vận chuyển bình thường không khen cũng không chê.",04/04/2026
"Giày cũng bình thường, giao hàng đúng hẹn không khen cũng không chê.",03/04/2026
"Áo này cũng được không đến nỗi, nhận hàng sau 3 ngày cho shop 3 sao nhé.",13/04/2026
"Cái này chất lượng tương xứng với giá tiền, shipper gọi điện đàng hoàng mua chữa cháy thì được.",16/04/2026
"Áo này không có gì đặc sắc, shipper gọi điện đàng hoàng không khen cũng không chê.",21/04/2026
"Đồ shop giao giống như mô tả thôi, đóng gói cơ bản nói chung là tạm.",22/05/2026
"Áo này cũng được không đến nỗi, giao hàng đúng hẹn mua chữa cháy thì được.",01/04/2026
"Chất lượng không có gì đặc sắc, hộp hơi bụi tí nhưng không sao cho shop 3 sao nhé.",24/04/2026
"Đồ shop giao dùng tạm được, hộp hơi bụi tí nhưng không sao mua chữa cháy thì được.",24/05/2026
"Đồ shop giao giống như mô tả thôi, vận chuyển bình thường cho shop 3 sao nhé.",03/05/2026
"Món này chất lượng tương xứng với giá tiền, giao hàng đúng hẹn để xài thử một thời gian xem sao.",18/04/2026
"Món này giống như mô tả thôi, giao hàng đúng hẹn cho shop 3 sao nhé.",12/05/2026
"Đồ shop giao dùng tạm được, giao hàng đúng hẹn tiền nào của nấy.",29/05/2026
"Cái này tạm ổn, shipper gọi điện đàng hoàng để xài thử một thời gian xem sao.",26/05/2026
"Áo này tạm ổn, đóng gói cơ bản không khen cũng không chê.",31/05/2026
"Cái này dùng tạm được, đóng gói cơ bản nói chung là tạm.",10/05/2026
"Sản phẩm cũng được không đến nỗi, đóng gói cơ bản không khen cũng không chê.",01/04/2026
"Chất lượng cũng được không đến nỗi, hộp hơi bụi tí nhưng không sao nói chung là tạm.",20/04/2026
"Hàng chất lượng tương xứng với giá tiền, vận chuyển bình thường không khen cũng không chê.",19/04/2026
"Hàng tạm ổn, nhận hàng sau 3 ngày không khen cũng không chê.",10/04/2026
"Món này cũng bình thường, đóng gói cơ bản tiền nào của nấy.",07/05/2026
"Hàng chất lượng tương xứng với giá tiền, hộp hơi bụi tí nhưng không sao mua chữa cháy thì được.",29/04/2026
"Món này không có gì đặc sắc, đóng gói cơ bản cho shop 3 sao nhé.",06/05/2026
"Món này tạm ổn, nhận hàng sau 3 ngày nói chung là tạm.",20/05/2026
"Hàng cũng bình thường, vận chuyển bình thường nói chung là tạm.",12/05/2026
"Sản phẩm tạm ổn, đóng gói cơ bản nói chung là tạm.",27/04/2026
"Sản phẩm giống như mô tả thôi, giao hàng đúng hẹn cho shop 3 sao nhé.",19/04/2026
"Giày dùng tạm được, đóng gói cơ bản mua chữa cháy thì được.",03/04/2026
"Hàng dùng tạm được, đóng gói cơ bản không khen cũng không chê.",18/04/2026
"Giày cũng bình thường, vận chuyển bình thường để xài thử một thời gian xem sao.",27/05/2026
"Cái này giống như mô tả thôi, nhận hàng sau 3 ngày không khen cũng không chê.",10/05/2026
"Giày giống như mô tả thôi, vận chuyển bình thường không khen cũng không chê.",27/05/2026
"Cái này giống như mô tả thôi, giao hàng đúng hẹn nói chung là tạm.",14/05/2026
"Hàng giống như mô tả thôi, vận chuyển bình thường để xài thử một thời gian xem sao.",10/04/2026
"Chất lượng cũng được không đến nỗi, nhận hàng sau 3 ngày nói chung là tạm.",10/05/2026
"Giày giống như mô tả thôi, vận chuyển bình thường mua chữa cháy thì được.",30/04/2026
"Sản phẩm cũng bình thường, shipper gọi điện đàng hoàng không khen cũng không chê.",29/05/2026
"Hàng tạm ổn, hộp hơi bụi tí nhưng không sao cho shop 3 sao nhé.",17/04/2026
"Hàng cũng bình thường, giao hàng đúng hẹn nói chung là tạm.",10/05/2026
"Cái này tạm ổn, hộp hơi bụi tí nhưng không sao nói chung là tạm.",09/04/2026
"Sản phẩm không có gì đặc sắc, shipper gọi điện đàng hoàng không khen cũng không chê.",31/05/2026
"Cái này dùng tạm được, đóng gói cơ bản không khen cũng không chê.",12/05/2026
"Đồ shop giao cũng được không đến nỗi, đóng gói cơ bản tiền nào của nấy.",16/05/2026
"Hàng chất lượng tương xứng với giá tiền, nhận hàng sau 3 ngày mua chữa cháy thì được.",31/05/2026
"Áo này cũng được không đến nỗi, vận chuyển bình thường để xài thử một thời gian xem sao.",11/04/2026
"Món này không có gì đặc sắc, đóng gói cơ bản tiền nào của nấy.",25/04/2026
"Giày cũng bình thường, giao hàng đúng hẹn mua chữa cháy thì được.",26/04/2026
"Cái này cũng bình thường, đóng gói cơ bản không khen cũng không chê.",27/05/2026
"Đồ shop giao dùng tạm được, nhận hàng sau 3 ngày nói chung là tạm.",18/04/2026
"Đồ shop giao tạm ổn, đóng gói cơ bản mua chữa cháy thì được.",29/05/2026
"Áo này chất lượng tương xứng với giá tiền, giao hàng đúng hẹn không khen cũng không chê.",22/05/2026
"Áo này dùng tạm được, vận chuyển bình thường tiền nào của nấy.",12/05/2026
"Giày dùng tạm được, nhận hàng sau 3 ngày tiền nào của nấy.",22/05/2026
"Sản phẩm giống như mô tả thôi, nhận hàng sau 3 ngày không khen cũng không chê.",09/05/2026
"Sản phẩm không có gì đặc sắc, shipper gọi điện đàng hoàng nói chung là tạm.",25/05/2026
"Đồ shop giao cũng bình thường, nhận hàng sau 3 ngày nói chung là tạm.",18/04/2026
"Giày tạm ổn, giao hàng đúng hẹn không khen cũng không chê.",09/05/2026
"Cái này dùng tạm được, nhận hàng sau 3 ngày không khen cũng không chê.",26/04/2026
"Hàng không có gì đặc sắc, hộp hơi bụi tí nhưng không sao tiền nào của nấy.",27/04/2026
"Đồ shop giao giống như mô tả thôi, shipper gọi điện đàng hoàng nói chung là tạm.",11/04/2026
"Đồ shop giao không có gì đặc sắc, vận chuyển bình thường tiền nào của nấy.",23/05/2026
"Sản phẩm dùng tạm được, nhận hàng sau 3 ngày tiền nào của nấy.",30/04/2026
"Chất lượng cũng được không đến nỗi, nhận hàng sau 3 ngày không khen cũng không chê.",28/05/2026
"Cái này chất lượng tương xứng với giá tiền, vận chuyển bình thường để xài thử một thời gian xem sao.",12/05/2026
"Món này không có gì đặc sắc, hộp hơi bụi tí nhưng không sao để xài thử một thời gian xem sao.",11/05/2026
"Sản phẩm giống như mô tả thôi, nhận hàng sau 3 ngày để xài thử một thời gian xem sao.",30/04/2026
"Món này cũng bình thường, giao hàng đúng hẹn để xài thử một thời gian xem sao.",15/05/2026
"Chất lượng không có gì đặc sắc, nhận hàng sau 3 ngày mua chữa cháy thì được.",08/05/2026
"Món này dùng tạm được, shipper gọi điện đàng hoàng cho shop 3 sao nhé.",05/05/2026
"Sản phẩm chất lượng tương xứng với giá tiền, đóng gói cơ bản nói chung là tạm.",31/05/2026
"Hàng không có gì đặc sắc, giao hàng đúng hẹn cho shop 3 sao nhé.",24/04/2026
"Chất lượng không có gì đặc sắc, hộp hơi bụi tí nhưng không sao nói chung là tạm.",13/05/2026
"Sản phẩm tạm ổn, giao hàng đúng hẹn tiền nào của nấy.",18/05/2026
"Áo này cũng bình thường, giao hàng đúng hẹn để xài thử một thời gian xem sao.",18/04/2026
"Đồ shop giao dùng tạm được, vận chuyển bình thường tiền nào của nấy.",08/04/2026
"Giày chất lượng tương xứng với giá tiền, shipper gọi điện đàng hoàng tiền nào của nấy.",12/05/2026
"Sản phẩm chất lượng tương xứng với giá tiền, giao hàng đúng hẹn cho shop 3 sao nhé.",02/04/2026
"Cái này tạm ổn, nhận hàng sau 3 ngày cho shop 3 sao nhé.",26/05/2026
"Món này tạm ổn, giao hàng đúng hẹn không khen cũng không chê.",19/04/2026
"Áo này giống như mô tả thôi, hộp hơi bụi tí nhưng không sao cho shop 3 sao nhé.",25/04/2026
"Hàng giống như mô tả thôi, nhận hàng sau 3 ngày tiền nào của nấy.",04/05/2026
"Giày cũng bình thường, đóng gói cơ bản nói chung là tạm.",25/05/2026
"Chất lượng tạm ổn, vận chuyển bình thường để xài thử một thời gian xem sao.",26/05/2026
"Hàng cũng được không đến nỗi, nhận hàng sau 3 ngày để xài thử một thời gian xem sao.",28/05/2026
"Áo này tạm ổn, giao hàng đúng hẹn không khen cũng không chê.",17/05/2026
"Chất lượng không có gì đặc sắc, shipper gọi điện đàng hoàng nói chung là tạm.",05/04/2026
"Đồ shop giao giống như mô tả thôi, nhận hàng sau 3 ngày cho shop 3 sao nhé.",24/04/2026
"Áo này không có gì đặc sắc, vận chuyển bình thường mua chữa cháy thì được.",10/05/2026
"Món này chất lượng tương xứng với giá tiền, đóng gói cơ bản mua chữa cháy thì được.",15/05/2026
"Giày chất lượng tương xứng với giá tiền, shipper gọi điện đàng hoàng mua chữa cháy thì được.",29/05/2026
"Đồ shop giao dùng tạm được, đóng gói cơ bản nói chung là tạm.",05/05/2026
"Sản phẩm giống như mô tả thôi, hộp hơi bụi tí nhưng không sao để xài thử một thời gian xem sao.",24/05/2026
"Áo này chất lượng tương xứng với giá tiền, hộp hơi bụi tí nhưng không sao không khen cũng không chê.",11/05/2026
"Hàng dùng tạm được, shipper gọi điện đàng hoàng tiền nào của nấy.",20/04/2026
"Chất lượng dùng tạm được, hộp hơi bụi tí nhưng không sao mua chữa cháy thì được.",12/04/2026
"Hàng cũng bình thường, shipper gọi điện đàng hoàng mua chữa cháy thì được.",20/04/2026
"Đồ shop giao cũng được không đến nỗi, nhận hàng sau 3 ngày mua chữa cháy thì được.",26/04/2026
"Món này cũng bình thường, vận chuyển bình thường mua chữa cháy thì được.",08/04/2026
"Chất lượng dùng tạm được, giao hàng đúng hẹn cho shop 3 sao nhé.",12/05/2026
"Giày chất lượng tương xứng với giá tiền, giao hàng đúng hẹn không khen cũng không chê.",22/04/2026
"Hàng giống như mô tả thôi, đóng gói cơ bản mua chữa cháy thì được.",22/05/2026
"Hàng giống như mô tả thôi, nhận hàng sau 3 ngày không khen cũng không chê.",28/04/2026
"Đồ shop giao không có gì đặc sắc, hộp hơi bụi tí nhưng không sao tiền nào của nấy.",12/05/2026
"Giày cũng được không đến nỗi, giao hàng đúng hẹn để xài thử một thời gian xem sao.",13/04/2026
"Hàng chất lượng tương xứng với giá tiền, nhận hàng sau 3 ngày nói chung là tạm.",23/05/2026
"Cái này cũng bình thường, giao hàng đúng hẹn cho shop 3 sao nhé.",10/05/2026
"Đồ shop giao tạm ổn, nhận hàng sau 3 ngày không khen cũng không chê.",12/04/2026
"Chất lượng cũng được không đến nỗi, shipper gọi điện đàng hoàng tiền nào của nấy.",16/04/2026
"Sản phẩm không có gì đặc sắc, vận chuyển bình thường không khen cũng không chê.",22/04/2026
"Sản phẩm dùng tạm được, vận chuyển bình thường nói chung là tạm.",20/05/2026
"Món này dùng tạm được, nhận hàng sau 3 ngày không khen cũng không chê.",22/05/2026
"Chất lượng không có gì đặc sắc, giao hàng đúng hẹn cho shop 3 sao nhé.",01/05/2026
"Đồ shop giao giống như mô tả thôi, đóng gói cơ bản cho shop 3 sao nhé.",03/05/2026
"Chất lượng giống như mô tả thôi, vận chuyển bình thường tiền nào của nấy.",21/05/2026
"Chất lượng giống như mô tả thôi, hộp hơi bụi tí nhưng không sao để xài thử một thời gian xem sao.",22/04/2026
"Món này chất lượng tương xứng với giá tiền, hộp hơi bụi tí nhưng không sao tiền nào của nấy.",21/05/2026
"Sản phẩm cũng bình thường, vận chuyển bình thường nói chung là tạm.",12/04/2026
"Giày cũng bình thường, đóng gói cơ bản mua chữa cháy thì được.",29/05/2026
"Giày cũng được không đến nỗi, đóng gói cơ bản mua chữa cháy thì được.",12/05/2026
"Đồ shop giao tạm ổn, nhận hàng sau 3 ngày tiền nào của nấy.",12/04/2026
"Món này không có gì đặc sắc, shipper gọi điện đàng hoàng không khen cũng không chê.",02/04/2026
"Sản phẩm tạm ổn, đóng gói cơ bản để xài thử một thời gian xem sao.",10/04/2026
"Hàng cũng được không đến nỗi, nhận hàng sau 3 ngày không khen cũng không chê.",14/05/2026
"Món này chất lượng tương xứng với giá tiền, giao hàng đúng hẹn không khen cũng không chê.",04/04/2026
"Áo này cũng được không đến nỗi, vận chuyển bình thường mua chữa cháy thì được.",18/04/2026
"Giày cũng được không đến nỗi, shipper gọi điện đàng hoàng không khen cũng không chê.",23/05/2026
"Áo này dùng tạm được, đóng gói cơ bản tiền nào của nấy.",07/05/2026
"Chất lượng dùng tạm được, shipper gọi điện đàng hoàng mua chữa cháy thì được.",11/05/2026
"Giày cũng bình thường, đóng gói cơ bản cho shop 3 sao nhé.",02/05/2026
"Giày giống như mô tả thôi, hộp hơi bụi tí nhưng không sao cho shop 3 sao nhé.",06/05/2026
"Chất lượng tạm ổn, shipper gọi điện đàng hoàng tiền nào của nấy.",30/04/2026
"Giày cũng bình thường, shipper gọi điện đàng hoàng không khen cũng không chê.",30/04/2026
"Món này chất lượng tương xứng với giá tiền, nhận hàng sau 3 ngày tiền nào của nấy.",05/04/2026
"Hàng chất lượng tương xứng với giá tiền, đóng gói cơ bản nói chung là tạm.",11/05/2026
"Sản phẩm cũng được không đến nỗi, hộp hơi bụi tí nhưng không sao để xài thử một thời gian xem sao.",26/04/2026
"Giày không có gì đặc sắc, vận chuyển bình thường nói chung là tạm.",26/05/2026
"Đồ shop giao tạm ổn, giao hàng đúng hẹn nói chung là tạm.",28/04/2026
"Chất lượng dùng tạm được, giao hàng đúng hẹn không khen cũng không chê.",26/04/2026
"Áo này giống như mô tả thôi, đóng gói cơ bản tiền nào của nấy.",05/04/2026
"Đồ shop giao không có gì đặc sắc, shipper gọi điện đàng hoàng nói chung là tạm.",15/04/2026
"Cái này giống như mô tả thôi, vận chuyển bình thường tiền nào của nấy.",30/05/2026
"Món này không có gì đặc sắc, đóng gói cơ bản nói chung là tạm.",02/04/2026
"Đồ shop giao giống như mô tả thôi, vận chuyển bình thường tiền nào của nấy.",02/04/2026
"Giày giống như mô tả thôi, hộp hơi bụi tí nhưng không sao nói chung là tạm.",21/05/2026
"Món này dùng tạm được, đóng gói cơ bản không khen cũng không chê.",09/05/2026
"Giày cũng bình thường, shipper gọi điện đàng hoàng nói chung là tạm.",28/05/2026
"Cái này cũng bình thường, đóng gói cơ bản cho shop 3 sao nhé.",25/05/2026
"Hàng chất lượng tương xứng với giá tiền, vận chuyển bình thường mua chữa cháy thì được.",13/04/2026
"Giày tạm ổn, shipper gọi điện đàng hoàng để xài thử một thời gian xem sao.",12/05/2026
"Áo này không có gì đặc sắc, giao hàng đúng hẹn nói chung là tạm.",21/05/2026
"Chất lượng giống như mô tả thôi, nhận hàng sau 3 ngày cho shop 3 sao nhé.",29/04/2026
"Sản phẩm tạm ổn, vận chuyển bình thường nói chung là tạm.",09/05/2026
"Hàng dùng tạm được, đóng gói cơ bản nói chung là tạm.",24/05/2026
"Đồ shop giao tạm ổn, vận chuyển bình thường để xài thử một thời gian xem sao.",30/04/2026
"Cái này giống như mô tả thôi, giao hàng đúng hẹn không khen cũng không chê.",02/04/2026
"Sản phẩm cũng bình thường, đóng gói cơ bản để xài thử một thời gian xem sao.",02/04/2026
"Cái này chất lượng tương xứng với giá tiền, shipper gọi điện đàng hoàng tiền nào của nấy.",25/05/2026
"Giày không có gì đặc sắc, shipper gọi điện đàng hoàng tiền nào của nấy.",09/05/2026
"Hàng tạm ổn, nhận hàng sau 3 ngày mua chữa cháy thì được.",05/04/2026
"Giày dùng tạm được, vận chuyển bình thường cho shop 3 sao nhé.",13/04/2026
"Món này tạm ổn, shipper gọi điện đàng hoàng cho shop 3 sao nhé.",02/05/2026
"Cái này tạm ổn, đóng gói cơ bản tiền nào của nấy.",04/04/2026
"Đồ shop giao chất lượng tương xứng với giá tiền, đóng gói cơ bản để xài thử một thời gian xem sao.",18/04/2026
"Áo này giống như mô tả thôi, shipper gọi điện đàng hoàng mua chữa cháy thì được.",11/04/2026
"Món này giống như mô tả thôi, vận chuyển bình thường tiền nào của nấy.",13/04/2026
"Giày dùng tạm được, hộp hơi bụi tí nhưng không sao cho shop 3 sao nhé.",27/04/2026
